Job_name,Location,URL
Architectural Project Manager,"Salt Lake City, UT",https://pultegroup.wd1.myworkdayjobs.com/job/Salt-Lake-City-UT/Architectural-Project-Manager_JR7713
Director Construction Operations,"Salt Lake City, UT",https://pultegroup.wd1.myworkdayjobs.com/job/Salt-Lake-City-UT/Director-Construction-Operations_JR7712
Division Director Sales,"Salt Lake City, UT",https://pultegroup.wd1.myworkdayjobs.com/job/Salt-Lake-City-UT/Division-Director-Sales_JR7711-1
Sales Consultant,"Salt Lake City, UT",https://pultegroup.wd1.myworkdayjobs.com/job/Salt-Lake-City-UT/Sales-Consultant_JR7710
General Sales Manager (Ft. Myers),"Bonita Springs, FL",https://pultegroup.wd1.myworkdayjobs.com/job/Bonita-Springs-FL/General-Sales-Manager--Ft-Myers-_JR7704
Procurement Implementation Specialist II,2 Locations,https://pultegroup.wd1.myworkdayjobs.com/job/Atlanta-GA/Procurement-Implementation-Specialist-II_JR7702
Superintendent,"Raleigh, North Carolina",https://pultegroup.wd1.myworkdayjobs.com/job/Raleigh-North-Carolina/Superintendent_JR7698
Land Project Manager,"Medina, OH",https://pultegroup.wd1.myworkdayjobs.com/job/Medina-OH/Land-Project-Manager_JR7446
Assistant Controller,"Medina, OH",https://pultegroup.wd1.myworkdayjobs.com/job/Medina-OH/Assistant-Controller_JR7603-1
Host I,"Greenville, SC",https://pultegroup.wd1.myworkdayjobs.com/job/Greenville-SC/Host-II_JR7644-1
Senior Business Controls Officer (Pulte Mortgage),"Coppell, TX",https://pultegroup.wd1.myworkdayjobs.com/job/Coppell-TX/Business-Controls-Officer--Pulte-Mortgage-_JR7480
Land Acquisition Analyst,"Riverview, FL",https://pultegroup.wd1.myworkdayjobs.com/job/Riverview-FL/Land-Acquisition-Analyst_JR7692
Material Handler,"Green Cove Springs, FL",https://pultegroup.wd1.myworkdayjobs.com/job/Green-Cove-Springs-FL/Material-Handler_JR7638
New Home Sales Consultant,"Troy, MI",https://pultegroup.wd1.myworkdayjobs.com/job/Troy-MI/New-Home-Sales-Consultant_JR7690
2nd Shift Component Assembler - Truss,"Florence, SC",https://pultegroup.wd1.myworkdayjobs.com/job/Florence-SC/XMLNAME-2nd-Shift-Component-Assembler---Truss_JR6691
New Home Sales Consultant,"Medina, OH",https://pultegroup.wd1.myworkdayjobs.com/job/Medina-OH/New-Home-Sales-Consultant_JR7342
"Fall Construction Intern - Coppell, TX","Coppell, TX",https://pultegroup.wd1.myworkdayjobs.com/job/Coppell-TX/Construction-Intern---Coppell--TX_JR7681
"Sales Consultant - Belton/Temple/Kileen, TX","Austin, TX",https://pultegroup.wd1.myworkdayjobs.com/job/Austin-TX/Sales-Consultant---Belton-Temple-Kileen--TX_JR7688
"Sales Consultant - Austin, TX","Austin, TX",https://pultegroup.wd1.myworkdayjobs.com/job/Austin-TX/Sales-Consultant---Austin--TX_JR7687-1
Material Handler,"Savannah, GA",https://pultegroup.wd1.myworkdayjobs.com/job/Savannah-GA/Material-Handler_JR7682
Escrow Manager (PGP Title),"Carmel, IN",https://pultegroup.wd1.myworkdayjobs.com/job/Carmel-IN/Escrow-Manager--PGP-Title-_JR7674
Construction Manager,"Greenville, SC",https://pultegroup.wd1.myworkdayjobs.com/job/Greenville-SC/Construction-Manager_JR7677
Assistant Construction Manager,"Greenville, SC",https://pultegroup.wd1.myworkdayjobs.com/job/Greenville-SC/Assistant-Construction-Manager_JR7155
Host (Part-time),"Aurora, IL",https://pultegroup.wd1.myworkdayjobs.com/job/Aurora-IL/Host--Part-time-_JR7617-1
Mortgage Branch Production Manager (Pulte Mortgage),"Orlando, FL",https://pultegroup.wd1.myworkdayjobs.com/job/Orlando-FL/Mortgage-Branch-Production-Manager--Pulte-Mortgage-_JR7652-1
IT Support Technician - (Pulte Mortgage),"Denver, CO",https://pultegroup.wd1.myworkdayjobs.com/job/Denver-CO/IT-Support-Technician----Pulte-Mortgage-_JR7635
Mortgage Branch Coordinator (Pulte Mortgage),"Austin, TX",https://pultegroup.wd1.myworkdayjobs.com/job/Austin-TX/Branch-Coordinator--Pulte-Mortgage-_JR7584
1st Shift Material Handler (Yard),"Florence, SC",https://pultegroup.wd1.myworkdayjobs.com/job/Florence-SC/XMLNAME-1st-Shift-Material-Handler--Yard-_JR7669-1
Sales Consultant,"Salt Lake City, UT",https://pultegroup.wd1.myworkdayjobs.com/job/Salt-Lake-City-UT/Sales-Consultant_JR7445
Construction Manager,"Schaumburg, IL",https://pultegroup.wd1.myworkdayjobs.com/job/Schaumburg-IL/Construction-Manager_JR7475-1
Division Financial Analyst,"Schaumburg, IL",https://pultegroup.wd1.myworkdayjobs.com/job/Schaumburg-IL/Division-Financial-Analyst_JR7359
General Sales Manager,"Philadelphia, PA",https://pultegroup.wd1.myworkdayjobs.com/job/Philadelphia-PA/General-Sales-Manager_JR7523
Customer Care Manager II,"Westborough, MA",https://pultegroup.wd1.myworkdayjobs.com/job/Westborough-MA/Customer-Care-Manager-II_JR7555
Selling Sales Manager,"Westborough, MA",https://pultegroup.wd1.myworkdayjobs.com/job/Westborough-MA/Selling-Sales-Manager_JR7593
New Home Sales Consultant,"Westborough, MA",https://pultegroup.wd1.myworkdayjobs.com/job/Westborough-MA/New-Home-Sales-Consultant_JR7594
Customer Care Manager II,"Medina, OH",https://pultegroup.wd1.myworkdayjobs.com/job/Medina-OH/Customer-Care-Manager-II_JR7373
Land Acquisition Manager,"Medina, OH",https://pultegroup.wd1.myworkdayjobs.com/job/Medina-OH/Land-Acquisition-Manager_JR7619
Construction Manager - HD (High Density),2 Locations,https://pultegroup.wd1.myworkdayjobs.com/job/Fairfax-VA/Construction-Manager---HD--High-Density-_JR7395-1
Land Acquisition Manager,"Dublin, OH",https://pultegroup.wd1.myworkdayjobs.com/job/Dublin-OH/Land-Acquisition-Manager_JR7392-1
Assistant Controller,"Dublin, OH",https://pultegroup.wd1.myworkdayjobs.com/job/Dublin-OH/Assistant-Controller_JR7588
Assistant Construction Manager,"Carmel, IN",https://pultegroup.wd1.myworkdayjobs.com/job/Carmel-IN/Assistant-Construction-Manager_JR7476
Customer Care Manager II,"Carmel, IN",https://pultegroup.wd1.myworkdayjobs.com/job/Carmel-IN/Customer-Care-Manager-II_JR7556
New Home Sales Consultant,"Carmel, IN",https://pultegroup.wd1.myworkdayjobs.com/job/Carmel-IN/New-Home-Sales-Consultant_JR7592
Construction Manager,"Avon Lake, OH",https://pultegroup.wd1.myworkdayjobs.com/job/Avon-Lake-OH/Construction-Manager_JR7509
Division Director of Land Acquisition,"Jacksonville, FL",https://pultegroup.wd1.myworkdayjobs.com/job/Jacksonville-FL/Division-Director-of-Land-Acquisition_JR7663
Mortgage Branch Coordinator (Pulte Mortgage),"Alpharetta, GA",https://pultegroup.wd1.myworkdayjobs.com/job/Alpharetta-GA/Mortgage-Branch-Coordinator--Pulte-Mortgage-_JR7661
"Sales Consultant - Greensboro, NC","Greensboro, NC",https://pultegroup.wd1.myworkdayjobs.com/job/Greensboro-NC/Sales-Consultant---Greensboro--NC_JR7598
"Sales Consultant - Raleigh, NC","Cary, NC",https://pultegroup.wd1.myworkdayjobs.com/job/Cary-NC/Sales-Consultant---Raleigh--NC_JR7595-1
"General Sales Manager - Coppell, TX","Coppell, TX",https://pultegroup.wd1.myworkdayjobs.com/job/Coppell-TX/General-Sales-Manager---Coppell--TX_JR7421
"Procurement Coordinator - Coppell, TX","Coppell, TX",https://pultegroup.wd1.myworkdayjobs.com/job/Coppell-TX/Procurement-Coordinator---Coppell--TX_JR7659
Manufacturing Technical Support,"Florence, SC",https://pultegroup.wd1.myworkdayjobs.com/job/Florence-SC/Manufacturing-Technical-Support-Engineer_JR7629
Insurance Sales Agent (Pulte Insurance Agency),"Coppell, TX",https://pultegroup.wd1.myworkdayjobs.com/job/Coppell-TX/Insurance-Sales-Agent--Pulte-Insurance-Agency-_JR7653-1
"Sales Consultant - Baytown, TX","Houston, TX",https://pultegroup.wd1.myworkdayjobs.com/job/Houston-TX/Sales-Consultant---Baytown--TX_JR7651
"Sales Consultant - Sugar Land, TX","Houston, TX",https://pultegroup.wd1.myworkdayjobs.com/job/Houston-TX/Sales-Consultant---Sugar-Land--TX_JR7650
"Assistant Customer Care Manager - Charleston, SC","North Charleston, SC",https://pultegroup.wd1.myworkdayjobs.com/job/North-Charleston-SC/Assistant-Customer-Care-Manager---Charleston--SC_JR7620
Mortgage Financing Advisor - (Pulte Mortgage),"Bluffton, SC",https://pultegroup.wd1.myworkdayjobs.com/job/Bluffton-SC/Mortgage-Financing-Advisor----Pulte-Mortgage-_JR7353
Mortgage Financing Advisor - (Pulte Mortgage),"Greenville, SC",https://pultegroup.wd1.myworkdayjobs.com/job/Greenville-SC/Mortgage-Financing-Advisor----Pulte-Mortgage-_JR7545
National Underwriting Counsel (PGP Title),"Coppell, TX",https://pultegroup.wd1.myworkdayjobs.com/job/Coppell-TX/National-Underwriting---Regulatory-Counsel--PGP-Title-_JR7508
Escrow Manager (PGP Title),"Jacksonville, FL",https://pultegroup.wd1.myworkdayjobs.com/job/Jacksonville-FL/Escrow-Manager--PGP-Title-_JR7326
Civil Construction Project Manager,"Alpharetta, GA",https://pultegroup.wd1.myworkdayjobs.com/job/Alpharetta-GA/Civil-Construction-Project-Manager_JR7637
Learning & Development Specialist (Pulte Mortgage),5 Locations,https://pultegroup.wd1.myworkdayjobs.com/job/Denver-CO/Learning---Development-Specialist--Pulte-Mortgage-_JR7552
Sales Consultant - Salem,"Salt Lake City, UT",https://pultegroup.wd1.myworkdayjobs.com/job/Salt-Lake-City-UT/Sales-Consultant---Salem_JR7634-1
Customer Care Manager II,"Las Vegas, NV",https://pultegroup.wd1.myworkdayjobs.com/job/Las-Vegas-NV/Customer-Care-Manager-II_JR7633
"Host II - San Antonio, TX","San Antonio, TX",https://pultegroup.wd1.myworkdayjobs.com/job/San-Antonio-TX/Host-II---San-Antonio--TX_JR7321
Division VP Land Acquisition,"Las Vegas, NV",https://pultegroup.wd1.myworkdayjobs.com/job/Las-Vegas-NV/Division-VP-Land-Acquisition_JR7625
Land Project Manager,"West Palm Beach, FL",https://pultegroup.wd1.myworkdayjobs.com/job/West-Palm-Beach-FL/Land-Project-Manager_JR7607
Associate Engineer - Field Services,"Orlando, FL",https://pultegroup.wd1.myworkdayjobs.com/job/Orlando-FL/Associate-Engineer---Field-Services_JR7589
Director Land Acquisition,"Bellevue, WA",https://pultegroup.wd1.myworkdayjobs.com/job/Bellevue-WA/Division-Director-Land-Acquisition_JR7503
Senior Procurement Agent,"Riverview, FL",https://pultegroup.wd1.myworkdayjobs.com/job/Riverview-FL/Senior-Procurement-Agent_JR7600
Closing Coordinator,"West Palm Beach, FL",https://pultegroup.wd1.myworkdayjobs.com/job/West-Palm-Beach-FL/Closing-Coordinator_JR7579
Sales Consultant (Spartanburg Area),"Greenville, SC",https://pultegroup.wd1.myworkdayjobs.com/job/Greenville-SC/Sales-Consultant--Spartanburg-Area-_JR7577
"General Sales Manager - Cary, NC","Cary, NC",https://pultegroup.wd1.myworkdayjobs.com/job/Cary-NC/General-Sales-Manager---Cary--NC_JR7576
Online Sales Specialist,"Bonita Springs, FL",https://pultegroup.wd1.myworkdayjobs.com/job/Bonita-Springs-FL/Online-Sales-Specialist_JR7572
Division Financial Analyst,"Jacksonville, FL",https://pultegroup.wd1.myworkdayjobs.com/job/Jacksonville-FL/Division-Financial-Analyst_JR7571
Analyst,"Atlanta, GA",https://pultegroup.wd1.myworkdayjobs.com/job/Atlanta-GA/Analyst_JR7562
Administrative Assistant,"West Palm Beach, FL",https://pultegroup.wd1.myworkdayjobs.com/job/West-Palm-Beach-FL/Administrative-Assistant_JR7564
Online Sales Specialist,"Jacksonville, FL",https://pultegroup.wd1.myworkdayjobs.com/job/Jacksonville-FL/Online-Sales-Specialist_JR7223
"Senior Procurement Agent - Houston, TX","Houston, TX",https://pultegroup.wd1.myworkdayjobs.com/job/Houston-TX/Senior-Procurement-Agent---Houston--TX_JR7542
Resident Ambassador,"West Palm Beach, FL",https://pultegroup.wd1.myworkdayjobs.com/job/West-Palm-Beach-FL/Resident-Ambassador_JR6597
"Resident Ambassador - Clayton, NC","Cary, NC",https://pultegroup.wd1.myworkdayjobs.com/job/Cary-NC/Resident-Ambassador---Clayton--NC_JR7511
"Sales Consultant - San Antonio, TX","San Antonio, TX",https://pultegroup.wd1.myworkdayjobs.com/job/San-Antonio-TX/Sales-Consultant---San-Antonio--TX_JR7176
Division Director Sales,"Salt Lake City, UT",https://pultegroup.wd1.myworkdayjobs.com/job/Salt-Lake-City-UT/Division-Director-Sales_JR7472
Director Construction Operations,"Salt Lake City, UT",https://pultegroup.wd1.myworkdayjobs.com/job/Salt-Lake-City-UT/Director-Construction-Operations_JR7471
Corporate Insurance Representative,"Atlanta, GA",https://pultegroup.wd1.myworkdayjobs.com/job/Atlanta-GA/Corporate-Insurance-Representative_JR7447
"Sales Consultant (Powder Springs, GA)","Alpharetta, GA",https://pultegroup.wd1.myworkdayjobs.com/job/Alpharetta-GA/Sales-Consultant--Powder-Springs--GA-_JR7440
"Division Director Land Development - Coppell, TX","Coppell, TX",https://pultegroup.wd1.myworkdayjobs.com/job/Coppell-TX/Division-Director-Land-Development---Coppell--TX_JR7420
"Sales Consultant (McDonough, GA)","Alpharetta, GA",https://pultegroup.wd1.myworkdayjobs.com/job/Alpharetta-GA/Sales-Trainee_JR6496
"Sales Consultant (Locust Grove, GA)","Alpharetta, GA",https://pultegroup.wd1.myworkdayjobs.com/job/Alpharetta-GA/Sales-Consultant--Locust-Grove--GA-_JR7431
Sales Consultant (Griffin Area),"Alpharetta, GA",https://pultegroup.wd1.myworkdayjobs.com/job/Alpharetta-GA/Sales-Trainee--Griffin-Area-_JR6938
Host I,"Riverview, FL",https://pultegroup.wd1.myworkdayjobs.com/job/Riverview-FL/Host-I_JR7425
"Construction Manager - Myrtle Beach, SC","Myrtle Beach, SC",https://pultegroup.wd1.myworkdayjobs.com/job/Myrtle-Beach-SC/Construction-Manager---Myrtle-Beach--SC_JR7416
Area Controller- West,"Mission Viejo, CA",https://pultegroup.wd1.myworkdayjobs.com/job/Mission-Viejo-CA/Area-Controller--West_JR7406
Manager of Land Planning & Entitlement,"Orlando, FL",https://pultegroup.wd1.myworkdayjobs.com/job/Orlando-FL/Manager-of-Land-Planning---Entitlement_JR7407-1
Sales Consultant (Gwinnett County),"Alpharetta, GA",https://pultegroup.wd1.myworkdayjobs.com/job/Alpharetta-GA/Sales-Consultant_JR7400
Division Controller I,"Mission Viejo, CA",https://pultegroup.wd1.myworkdayjobs.com/job/Mission-Viejo-CA/Division-Controller-I_JR7401
"Senior Corporate Auditor, Finance Leadership Development","Atlanta, GA",https://pultegroup.wd1.myworkdayjobs.com/job/Atlanta-GA/Senior-Corporate-Auditor--Finance-Leadership-Development_JR7398-1
"Sales Consultant (Dallas, GA)","Alpharetta, GA",https://pultegroup.wd1.myworkdayjobs.com/job/Alpharetta-GA/Sales-Consultant--Dallas-Area-_JR7312
Sales Consultant,"West Palm Beach, FL",https://pultegroup.wd1.myworkdayjobs.com/job/West-Palm-Beach-FL/Sales-Consultant_JR7358
2nd Shift Industrial Maintenance Mechanic,"Green Cove Springs, FL",https://pultegroup.wd1.myworkdayjobs.com/job/Green-Cove-Springs-FL/XMLNAME-2nd-Shift-Industrial-Maintenance-Mechanic_JR7348
Host II,"Riverview, FL",https://pultegroup.wd1.myworkdayjobs.com/job/Riverview-FL/Host-II_JR6809
Sales Associate,"Riverview, FL",https://pultegroup.wd1.myworkdayjobs.com/job/Riverview-FL/Sales-Associate_JR6808
Customer Care Manager II (Cumming Area),"Alpharetta, GA",https://pultegroup.wd1.myworkdayjobs.com/job/Alpharetta-GA/Customer-Care-Manager-II--Cumming-Area-_JR7215
Senior Analyst - CX,2 Locations,https://pultegroup.wd1.myworkdayjobs.com/job/Tempe-AZ/Senior-Analyst---CX_JR7299
Land Development Manager,"Bonita Springs, FL",https://pultegroup.wd1.myworkdayjobs.com/job/Bonita-Springs-FL/Land-Development-Manager_JR7294-1
Construction Manager,"Riverview, FL",https://pultegroup.wd1.myworkdayjobs.com/job/Riverview-FL/Construction-Manager_JR7263
Sales Administrator,"Jacksonville, FL",https://pultegroup.wd1.myworkdayjobs.com/job/Jacksonville-FL/Sales-Administrator_JR7228
Superintendent,"Savannah, GA (ICG)",https://pultegroup.wd1.myworkdayjobs.com/job/Savannah-GA-ICG/Superintendent_JR7195
Sales Consultant,"Ocala, FL",https://pultegroup.wd1.myworkdayjobs.com/job/Ocala-FL/Sales-Consultant_JR7190
"Land Development Manager - Myrtle Beach, SC","Myrtle Beach, SC",https://pultegroup.wd1.myworkdayjobs.com/job/Myrtle-Beach-SC/Land-Development-Manager---Myrtle-Beach--SC_JR7184
"Sales Consultant - Charlotte, NC","Charlotte, NC",https://pultegroup.wd1.myworkdayjobs.com/job/Charlotte-NC/Sales-Consultant---Charlotte--NC_JR7162
"Sales Administrator - Savannah, GA","Savannah, GA",https://pultegroup.wd1.myworkdayjobs.com/job/Savannah-GA/Sales-Administrator---Savannah--GA_JR7112
Project Manager Land Acquisition,"Greenville, SC",https://pultegroup.wd1.myworkdayjobs.com/job/Greenville-SC/Project-Manager-Land-Acquisition_JR7102
Architectural Project Manager,"Salt Lake City, UT",https://pultegroup.wd1.myworkdayjobs.com/job/Salt-Lake-City-UT/Project-Manager--ZONE-_JR7009
Sales Consultant,"Bonita Springs, FL",https://pultegroup.wd1.myworkdayjobs.com/job/Bonita-Springs-FL/Sales-Consultant_JR7071
Sales Consultant,"Greenville, SC",https://pultegroup.wd1.myworkdayjobs.com/job/Greenville-SC/Sales-Consultant_JR3975
Marketing Coordinator,"Riverview, FL",https://pultegroup.wd1.myworkdayjobs.com/job/Riverview-FL/Marketing-Coordinator_JR6678-1
NSS Senior Accountant I,"Atlanta, GA",https://pultegroup.wd1.myworkdayjobs.com/job/Atlanta-GA/NSS-Senior-Accountant-I_JR6940
Assistant Construction Manager (Land O Lakes),"Riverview, FL",https://pultegroup.wd1.myworkdayjobs.com/job/Riverview-FL/Assistant-Construction-Manager--Land-O-Lakes-_JR5070
"Assistant Construction Manager - Columbia, SC","Columbia, SC",https://pultegroup.wd1.myworkdayjobs.com/job/Columbia-SC/Assistant-Construction-Manager---Columbia--SC_JR6844
Software Developer III - Data,"Atlanta, GA",https://pultegroup.wd1.myworkdayjobs.com/job/Atlanta-GA/Software-Developer-III---Data_JR6856
Senior Manager Market Intelligence,"Bonita Springs, FL",https://pultegroup.wd1.myworkdayjobs.com/job/Bonita-Springs-FL/Senior-Manager-Market-Intelligence_JR6799
Virtual Customer Care Manager,"Riverview, FL",https://pultegroup.wd1.myworkdayjobs.com/job/Riverview-FL/Virtual-Customer-Care-Manager_JR6841
Division Director Land Acquisition (Ocala Area),"Ocala, FL",https://pultegroup.wd1.myworkdayjobs.com/job/Ocala-FL/Division-Director-Land-Acquisition--Ocala-Area-_JR6838
Market Intelligence Senior Analyst,"Bonita Springs, FL",https://pultegroup.wd1.myworkdayjobs.com/job/Bonita-Springs-FL/Market-Intelligence-Senior-Analyst_JR6800
NSS Senior Accountant I,"Atlanta, GA",https://pultegroup.wd1.myworkdayjobs.com/job/Atlanta-GA/NSS-Senior-Accountant-I_JR4480-1
Civil Engineering Project Manager,"Alpharetta, GA",https://pultegroup.wd1.myworkdayjobs.com/job/Alpharetta-GA/Civil-Engineering-Project-Manager_JR5917-1
Land Acquisition Manager,"Riverview, FL",https://pultegroup.wd1.myworkdayjobs.com/job/Riverview-FL/Land-Acquisition-Manager_JR5736
"Assistant Construction Manager - Savannah, GA","Savannah, GA",https://pultegroup.wd1.myworkdayjobs.com/job/Savannah-GA/Assistant-Construction-Manager---Savannah--GA_JR5077
Customer Care Manager II (Wesley Chapel),"Riverview, FL",https://pultegroup.wd1.myworkdayjobs.com/job/Riverview-FL/Customer-Care-Manager-II--Wesley-Chapel-_JR4529
Land Coordinator,"Bonita Springs, FL",https://pultegroup.wd1.myworkdayjobs.com/job/Bonita-Springs-FL/Land-Coordinator_JR5185
Construction Manager,"West Palm Beach, FL",https://pultegroup.wd1.myworkdayjobs.com/job/West-Palm-Beach-FL/Construction-Manager_JR4851
